{
  "topics": {
    "pricing": {
      "keywords": [
        "price",
        "pricing",
        "cost",
        "rate",
        "rates",
        "charge",
        "fee",
        "fees",
        "cash pay",
        "cash-pay",
        "cash based",
        "out of pocket",
        "oop",
        "eval",
        "evaluation",
        "follow up",
        "follow-up",
        "followup",
        "package",
        "packages",
        "membership",
        "subscription",
        "per session",
        "per visit",
        "per hour",
        "/hr",
        "hourly",
        "what do you charge",
        "how much",
        "billing"
      ],
      "top_thread_ids": [
        "thread_1321801021924460",
        "thread_1156866198417944",
        "thread_1905862513518305",
        "thread_1275519943219235",
        "thread_1662333344537891",
        "thread_1455884431849451",
        "thread_1225791681525395",
        "thread_1037371593700739",
        "thread_1039858006785431",
        "thread_1292644671506762",
        "thread_1296230347814861",
        "thread_1061600087944556",
        "thread_972755196829046",
        "thread_1322487758522453",
        "thread_990879208349978",
        "thread_1252518188852744",
        "thread_1746407819463776",
        "thread_1313967306041165",
        "thread_1333037697467459",
        "thread_1771999283571296",
        "thread_1109015399869691",
        "thread_1880572939380596",
        "thread_1251437732294123",
        "thread_1228541431250420",
        "thread_1470406703730557",
        "thread_1411817329589495",
        "thread_1206662886771608",
        "thread_1210223223082241",
        "thread_1845298112908079",
        "thread_1213926099378620",
        "thread_1349290445842184",
        "thread_1109730383131526",
        "thread_973645306740035",
        "thread_1800551500716074",
        "thread_1618891015548791",
        "thread_1013106916127207",
        "thread_1904038997033990",
        "thread_1661533977951161",
        "thread_1098973107540587",
        "thread_1120929198678311",
        "thread_1167865580651339",
        "thread_1740207190083839",
        "thread_1617928495645043",
        "thread_1772978933473331",
        "thread_1686890152082210",
        "thread_1119696965468201",
        "thread_1904107223693834",
        "thread_1445461089558452",
        "thread_1195784311192799",
        "thread_1799885094116048"
      ],
      "top_urls": [
        "https://www.facebook.com/groups/uncagedcliniciangroup/permalink/1321801021924460/",
        "https://www.facebook.com/groups/uncagedcliniciangroup/permalink/1156866198417944/",
        "https://www.facebook.com/groups/uncagedcliniciangroup/permalink/1905862513518305/",
        "https://www.facebook.com/groups/uncagedcliniciangroup/permalink/1275519943219235/",
        "https://www.facebook.com/groups/uncagedcliniciangroup/permalink/1662333344537891/",
        "https://www.facebook.com/groups/uncagedcliniciangroup/permalink/1455884431849451/",
        "https://www.facebook.com/groups/uncagedcliniciangroup/permalink/1225791681525395/",
        "https://www.facebook.com/groups/uncagedcliniciangroup/permalink/1037371593700739/",
        "https://www.facebook.com/groups/uncagedcliniciangroup/permalink/1039858006785431/",
        "https://www.facebook.com/groups/uncagedcliniciangroup/permalink/1292644671506762/",
        "https://www.facebook.com/groups/uncagedcliniciangroup/permalink/1296230347814861/",
        "https://www.facebook.com/groups/uncagedcliniciangroup/permalink/1061600087944556/",
        "https://www.facebook.com/groups/uncagedcliniciangroup/permalink/972755196829046/",
        "https://www.facebook.com/groups/uncagedcliniciangroup/permalink/1322487758522453/",
        "https://www.facebook.com/groups/uncagedcliniciangroup/permalink/990879208349978/",
        "https://www.facebook.com/groups/uncagedcliniciangroup/permalink/1252518188852744/",
        "https://www.facebook.com/groups/uncagedcliniciangroup/permalink/1746407819463776/",
        "https://www.facebook.com/groups/uncagedcliniciangroup/permalink/1313967306041165/",
        "https://www.facebook.com/groups/uncagedcliniciangroup/permalink/1333037697467459/",
        "https://www.facebook.com/groups/uncagedcliniciangroup/permalink/1771999283571296/",
        "https://www.facebook.com/groups/uncagedcliniciangroup/permalink/1109015399869691/",
        "https://www.facebook.com/groups/uncagedcliniciangroup/permalink/1880572939380596/",
        "https://www.facebook.com/groups/uncagedcliniciangroup/permalink/1251437732294123/",
        "https://www.facebook.com/groups/uncagedcliniciangroup/permalink/1228541431250420/",
        "https://www.facebook.com/groups/uncagedcliniciangroup/permalink/1470406703730557/",
        "https://www.facebook.com/groups/uncagedcliniciangroup/permalink/1411817329589495/",
        "https://www.facebook.com/groups/uncagedcliniciangroup/permalink/1206662886771608/",
        "https://www.facebook.com/groups/uncagedcliniciangroup/permalink/1210223223082241/",
        "https://www.facebook.com/groups/uncagedcliniciangroup/permalink/1845298112908079/",
        "https://www.facebook.com/groups/uncagedcliniciangroup/permalink/1213926099378620/",
        "https://www.facebook.com/groups/uncagedcliniciangroup/permalink/1349290445842184/",
        "https://www.facebook.com/groups/uncagedcliniciangroup/permalink/1109730383131526/",
        "https://www.facebook.com/groups/uncagedcliniciangroup/permalink/973645306740035/",
        "https://www.facebook.com/groups/uncagedcliniciangroup/permalink/1800551500716074/",
        "https://www.facebook.com/groups/uncagedcliniciangroup/permalink/1618891015548791/",
        "https://www.facebook.com/groups/uncagedcliniciangroup/permalink/1013106916127207/",
        "https://www.facebook.com/groups/uncagedcliniciangroup/permalink/1904038997033990/",
        "https://www.facebook.com/groups/uncagedcliniciangroup/permalink/1661533977951161/",
        "https://www.facebook.com/groups/uncagedcliniciangroup/permalink/1098973107540587/",
        "https://www.facebook.com/groups/uncagedcliniciangroup/permalink/1120929198678311/",
        "https://www.facebook.com/groups/uncagedcliniciangroup/permalink/1167865580651339/",
        "https://www.facebook.com/groups/uncagedcliniciangroup/permalink/1740207190083839/",
        "https://www.facebook.com/groups/uncagedcliniciangroup/permalink/1617928495645043/",
        "https://www.facebook.com/groups/uncagedcliniciangroup/permalink/1772978933473331/",
        "https://www.facebook.com/groups/uncagedcliniciangroup/permalink/1686890152082210/",
        "https://www.facebook.com/groups/uncagedcliniciangroup/permalink/1119696965468201/",
        "https://www.facebook.com/groups/uncagedcliniciangroup/permalink/1904107223693834/",
        "https://www.facebook.com/groups/uncagedcliniciangroup/permalink/1445461089558452/",
        "https://www.facebook.com/groups/uncagedcliniciangroup/permalink/1195784311192799/",
        "https://www.facebook.com/groups/uncagedcliniciangroup/permalink/1799885094116048/"
      ]
    },
    "legal_compliance": {
      "keywords": [
        "legal",
        "compliance",
        "hipaa",
        "ada",
        "liability",
        "malpractice",
        "insurance requirement",
        "license",
        "licensing",
        "regulations",
        "medicare",
        "medicaid",
        "pllc",
        "llc",
        "s-corp",
        "s corp",
        "lawyer",
        "attorney",
        "contract",
        "lawsuit",
        "sued",
        "audit",
        "npi",
        "ein",
        "business entity",
        "incorporation"
      ],
      "top_thread_ids": [
        "thread_1321801021924460",
        "thread_1905862513518305",
        "thread_1215364245901472",
        "thread_1662333344537891",
        "thread_1225791681525395",
        "thread_1915540072550549",
        "thread_1433028657468362",
        "thread_1433229660781595",
        "thread_1061600087944556",
        "thread_1880572939380596",
        "thread_1566347777469782",
        "thread_1073127310125167",
        "thread_1322487758522453",
        "thread_1746407819463776",
        "thread_1809074909863733",
        "thread_1411817329589495",
        "thread_1664599264311299",
        "thread_1251437732294123",
        "thread_1618891015548791",
        "thread_1800551500716074",
        "thread_1247326592705237",
        "thread_1904038997033990",
        "thread_1779607462810478",
        "thread_1661533977951161",
        "thread_1132981234139774",
        "thread_1335643343873561",
        "thread_1120929198678311",
        "thread_1772978933473331",
        "thread_1649925982445294",
        "thread_999607154143850",
        "thread_1013106916127207",
        "thread_1740207190083839",
        "thread_1904107223693834",
        "thread_1799885094116048",
        "thread_1167865580651339",
        "thread_1177252479712649",
        "thread_1222026721901891",
        "thread_1466440750793819",
        "thread_1665865880851304",
        "thread_1326347494803146",
        "thread_1170940710343826",
        "thread_1741011546670070",
        "thread_1358984174872811",
        "thread_1197829160988314",
        "thread_1792629978174893",
        "thread_1457187855052442",
        "thread_993676328070266",
        "thread_1303549233749639",
        "thread_1228323094605587",
        "thread_1202419140529316"
      ],
      "top_urls": [
        "https://www.facebook.com/groups/uncagedcliniciangroup/permalink/1321801021924460/",
        "https://www.facebook.com/groups/uncagedcliniciangroup/permalink/1905862513518305/",
        "https://www.facebook.com/groups/uncagedcliniciangroup/permalink/1215364245901472/",
        "https://www.facebook.com/groups/uncagedcliniciangroup/permalink/1662333344537891/",
        "https://www.facebook.com/groups/uncagedcliniciangroup/permalink/1225791681525395/",
        "https://www.facebook.com/groups/uncagedcliniciangroup/permalink/1915540072550549/",
        "https://www.facebook.com/groups/uncagedcliniciangroup/permalink/1433028657468362/",
        "https://www.facebook.com/groups/uncagedcliniciangroup/permalink/1433229660781595/",
        "https://www.facebook.com/groups/uncagedcliniciangroup/permalink/1061600087944556/",
        "https://www.facebook.com/groups/uncagedcliniciangroup/permalink/1880572939380596/",
        "https://www.facebook.com/groups/uncagedcliniciangroup/permalink/1566347777469782/",
        "https://www.facebook.com/groups/uncagedcliniciangroup/permalink/1073127310125167/",
        "https://www.facebook.com/groups/uncagedcliniciangroup/permalink/1322487758522453/",
        "https://www.facebook.com/groups/uncagedcliniciangroup/permalink/1746407819463776/",
        "https://www.facebook.com/groups/uncagedcliniciangroup/permalink/1809074909863733/",
        "https://www.facebook.com/groups/uncagedcliniciangroup/permalink/1411817329589495/",
        "https://www.facebook.com/groups/uncagedcliniciangroup/permalink/1664599264311299/",
        "https://www.facebook.com/groups/uncagedcliniciangroup/permalink/1251437732294123/",
        "https://www.facebook.com/groups/uncagedcliniciangroup/permalink/1618891015548791/",
        "https://www.facebook.com/groups/uncagedcliniciangroup/permalink/1800551500716074/",
        "https://www.facebook.com/groups/uncagedcliniciangroup/permalink/1247326592705237/",
        "https://www.facebook.com/groups/uncagedcliniciangroup/permalink/1904038997033990/",
        "https://www.facebook.com/groups/uncagedcliniciangroup/permalink/1779607462810478/",
        "https://www.facebook.com/groups/uncagedcliniciangroup/permalink/1661533977951161/",
        "https://www.facebook.com/groups/uncagedcliniciangroup/permalink/1132981234139774/",
        "https://www.facebook.com/groups/uncagedcliniciangroup/permalink/1335643343873561/",
        "https://www.facebook.com/groups/uncagedcliniciangroup/permalink/1120929198678311/",
        "https://www.facebook.com/groups/uncagedcliniciangroup/permalink/1772978933473331/",
        "https://www.facebook.com/groups/uncagedcliniciangroup/permalink/1649925982445294/",
        "https://www.facebook.com/groups/uncagedcliniciangroup/permalink/999607154143850/",
        "https://www.facebook.com/groups/uncagedcliniciangroup/permalink/1013106916127207/",
        "https://www.facebook.com/groups/uncagedcliniciangroup/permalink/1740207190083839/",
        "https://www.facebook.com/groups/uncagedcliniciangroup/permalink/1904107223693834/",
        "https://www.facebook.com/groups/uncagedcliniciangroup/permalink/1799885094116048/",
        "https://www.facebook.com/groups/uncagedcliniciangroup/permalink/1167865580651339/",
        "https://www.facebook.com/groups/uncagedcliniciangroup/permalink/1177252479712649/",
        "https://www.facebook.com/groups/uncagedcliniciangroup/permalink/1222026721901891/",
        "https://www.facebook.com/groups/uncagedcliniciangroup/permalink/1466440750793819/",
        "https://www.facebook.com/groups/uncagedcliniciangroup/permalink/1665865880851304/",
        "https://www.facebook.com/groups/uncagedcliniciangroup/permalink/1326347494803146/",
        "https://www.facebook.com/groups/uncagedcliniciangroup/permalink/1170940710343826/",
        "https://www.facebook.com/groups/uncagedcliniciangroup/permalink/1741011546670070/",
        "https://www.facebook.com/groups/uncagedcliniciangroup/permalink/1358984174872811/",
        "https://www.facebook.com/groups/uncagedcliniciangroup/permalink/1197829160988314/",
        "https://www.facebook.com/groups/uncagedcliniciangroup/permalink/1792629978174893/",
        "https://www.facebook.com/groups/uncagedcliniciangroup/permalink/1457187855052442/",
        "https://www.facebook.com/groups/uncagedcliniciangroup/permalink/993676328070266/",
        "https://www.facebook.com/groups/uncagedcliniciangroup/permalink/1303549233749639/",
        "https://www.facebook.com/groups/uncagedcliniciangroup/permalink/1228323094605587/",
        "https://www.facebook.com/groups/uncagedcliniciangroup/permalink/1202419140529316/"
      ]
    },
    "marketing_first_clients": {
      "keywords": [
        "first client",
        "first patients",
        "getting started",
        "starting out",
        "new practice",
        "launch",
        "opening",
        "grand opening",
        "build caseload",
        "fill schedule",
        "grow practice",
        "patient acquisition",
        "marketing",
        "advertis",
        "facebook ads",
        "google ads",
        "seo",
        "social media",
        "instagram",
        "content",
        "blog",
        "website"
      ],
      "top_thread_ids": [
        "thread_1266370220800874",
        "thread_1321801021924460",
        "thread_1156866198417944",
        "thread_1134700637301167",
        "thread_1433028657468362",
        "thread_1061600087944556",
        "thread_1771999283571296",
        "thread_1440776423360252",
        "thread_1313967306041165",
        "thread_1411817329589495",
        "thread_1228541431250420",
        "thread_1664599264311299",
        "thread_990879208349978",
        "thread_1845298112908079",
        "thread_1618891015548791",
        "thread_1132981234139774",
        "thread_1883012935803263",
        "thread_1617928495645043",
        "thread_1445461089558452",
        "thread_1013106916127207",
        "thread_1114063946031503",
        "thread_1167865580651339",
        "thread_1170940710343826",
        "thread_1120852125352685",
        "thread_1303549233749639",
        "thread_1195784311192799",
        "thread_1001477930623439",
        "thread_1444376926333535",
        "thread_1131849477586283",
        "thread_1803220810449143",
        "thread_1230889314348965",
        "thread_1193597518078145",
        "thread_1660217784749447",
        "thread_1299081534196409",
        "thread_1150984962339401",
        "thread_1456890458415515",
        "thread_1421275008643727",
        "thread_1369972300440665",
        "thread_1159885004782730",
        "thread_1737555197015705",
        "thread_1293485881422641",
        "thread_1510020113102549",
        "thread_1389428795161682",
        "thread_1392507054853856",
        "thread_1121980085239889",
        "thread_1233701170734446",
        "thread_1183066749131222",
        "thread_1225030881601475",
        "thread_1588280465276513",
        "thread_981090589328840"
      ],
      "top_urls": [
        "https://www.facebook.com/groups/uncagedcliniciangroup/permalink/1266370220800874/",
        "https://www.facebook.com/groups/uncagedcliniciangroup/permalink/1321801021924460/",
        "https://www.facebook.com/groups/uncagedcliniciangroup/permalink/1156866198417944/",
        "https://www.facebook.com/groups/uncagedcliniciangroup/permalink/1134700637301167/",
        "https://www.facebook.com/groups/uncagedcliniciangroup/permalink/1433028657468362/",
        "https://www.facebook.com/groups/uncagedcliniciangroup/permalink/1061600087944556/",
        "https://www.facebook.com/groups/uncagedcliniciangroup/permalink/1771999283571296/",
        "https://www.facebook.com/groups/uncagedcliniciangroup/permalink/1440776423360252/",
        "https://www.facebook.com/groups/uncagedcliniciangroup/permalink/1313967306041165/",
        "https://www.facebook.com/groups/uncagedcliniciangroup/permalink/1411817329589495/",
        "https://www.facebook.com/groups/uncagedcliniciangroup/permalink/1228541431250420/",
        "https://www.facebook.com/groups/uncagedcliniciangroup/permalink/1664599264311299/",
        "https://www.facebook.com/groups/uncagedcliniciangroup/permalink/990879208349978/",
        "https://www.facebook.com/groups/uncagedcliniciangroup/permalink/1845298112908079/",
        "https://www.facebook.com/groups/uncagedcliniciangroup/permalink/1618891015548791/",
        "https://www.facebook.com/groups/uncagedcliniciangroup/permalink/1132981234139774/",
        "https://www.facebook.com/groups/uncagedcliniciangroup/permalink/1883012935803263/",
        "https://www.facebook.com/groups/uncagedcliniciangroup/permalink/1617928495645043/",
        "https://www.facebook.com/groups/uncagedcliniciangroup/permalink/1445461089558452/",
        "https://www.facebook.com/groups/uncagedcliniciangroup/permalink/1013106916127207/",
        "https://www.facebook.com/groups/uncagedcliniciangroup/permalink/1114063946031503/",
        "https://www.facebook.com/groups/uncagedcliniciangroup/permalink/1167865580651339/",
        "https://www.facebook.com/groups/uncagedcliniciangroup/permalink/1170940710343826/",
        "https://www.facebook.com/groups/uncagedcliniciangroup/permalink/1120852125352685/",
        "https://www.facebook.com/groups/uncagedcliniciangroup/permalink/1303549233749639/",
        "https://www.facebook.com/groups/uncagedcliniciangroup/permalink/1195784311192799/",
        "https://www.facebook.com/groups/uncagedcliniciangroup/permalink/1001477930623439/",
        "https://www.facebook.com/groups/uncagedcliniciangroup/permalink/1444376926333535/",
        "https://www.facebook.com/groups/uncagedcliniciangroup/permalink/1131849477586283/",
        "https://www.facebook.com/groups/uncagedcliniciangroup/permalink/1803220810449143/",
        "https://www.facebook.com/groups/uncagedcliniciangroup/permalink/1230889314348965/",
        "https://www.facebook.com/groups/uncagedcliniciangroup/permalink/1193597518078145/",
        "https://www.facebook.com/groups/uncagedcliniciangroup/permalink/1660217784749447/",
        "https://www.facebook.com/groups/uncagedcliniciangroup/permalink/1299081534196409/",
        "https://www.facebook.com/groups/uncagedcliniciangroup/permalink/1150984962339401/",
        "https://www.facebook.com/groups/uncagedcliniciangroup/permalink/1456890458415515/",
        "https://www.facebook.com/groups/uncagedcliniciangroup/permalink/1421275008643727/",
        "https://www.facebook.com/groups/uncagedcliniciangroup/permalink/1369972300440665/",
        "https://www.facebook.com/groups/uncagedcliniciangroup/permalink/1159885004782730/",
        "https://www.facebook.com/groups/uncagedcliniciangroup/permalink/1737555197015705/",
        "https://www.facebook.com/groups/uncagedcliniciangroup/permalink/1293485881422641/",
        "https://www.facebook.com/groups/uncagedcliniciangroup/permalink/1510020113102549/",
        "https://www.facebook.com/groups/uncagedcliniciangroup/permalink/1389428795161682/",
        "https://www.facebook.com/groups/uncagedcliniciangroup/permalink/1392507054853856/",
        "https://www.facebook.com/groups/uncagedcliniciangroup/permalink/1121980085239889/",
        "https://www.facebook.com/groups/uncagedcliniciangroup/permalink/1233701170734446/",
        "https://www.facebook.com/groups/uncagedcliniciangroup/permalink/1183066749131222/",
        "https://www.facebook.com/groups/uncagedcliniciangroup/permalink/1225030881601475/",
        "https://www.facebook.com/groups/uncagedcliniciangroup/permalink/1588280465276513/",
        "https://www.facebook.com/groups/uncagedcliniciangroup/permalink/981090589328840/"
      ]
    },
    "referrals_physicians": {
      "keywords": [
        "referral",
        "referrals",
        "physician",
        "doctor",
        "md",
        "do ",
        "primary care",
        "pcp",
        "orthopedic",
        "ortho",
        "specialist",
        "direct access",
        "self-refer",
        "script",
        "prescription",
        "networking",
        "relationship",
        "lunch and learn"
      ],
      "top_thread_ids": [
        "thread_1321801021924460",
        "thread_1156866198417944",
        "thread_1905862513518305",
        "thread_1134700637301167",
        "thread_1127192501385314",
        "thread_1662333344537891",
        "thread_1225791681525395",
        "thread_1711623849608840",
        "thread_1614528389318387",
        "thread_1061600087944556",
        "thread_1296230347814861",
        "thread_1216223822482181",
        "thread_1252518188852744",
        "thread_1746407819463776",
        "thread_1073127310125167",
        "thread_1322487758522453",
        "thread_1333037697467459",
        "thread_1251437732294123",
        "thread_1440776423360252",
        "thread_1771999283571296",
        "thread_1109015399869691",
        "thread_1313967306041165",
        "thread_1880572939380596",
        "thread_1481986712572556",
        "thread_990879208349978",
        "thread_1791760264928531",
        "thread_1664599264311299",
        "thread_1228541431250420",
        "thread_1210223223082241",
        "thread_1572498063521420",
        "thread_1109730383131526",
        "thread_1417643395673555",
        "thread_1845298112908079",
        "thread_1618891015548791",
        "thread_1132981234139774",
        "thread_1800551500716074",
        "thread_1883012935803263",
        "thread_1779607462810478",
        "thread_1904038997033990",
        "thread_999607154143850",
        "thread_1617928495645043",
        "thread_1904107223693834",
        "thread_1013106916127207",
        "thread_1445461089558452",
        "thread_1320884808682748",
        "thread_1772978933473331",
        "thread_1495914307846463",
        "thread_1167865580651339",
        "thread_1799885094116048",
        "thread_1119696965468201"
      ],
      "top_urls": [
        "https://www.facebook.com/groups/uncagedcliniciangroup/permalink/1321801021924460/",
        "https://www.facebook.com/groups/uncagedcliniciangroup/permalink/1156866198417944/",
        "https://www.facebook.com/groups/uncagedcliniciangroup/permalink/1905862513518305/",
        "https://www.facebook.com/groups/uncagedcliniciangroup/permalink/1134700637301167/",
        "https://www.facebook.com/groups/uncagedcliniciangroup/permalink/1127192501385314/",
        "https://www.facebook.com/groups/uncagedcliniciangroup/permalink/1662333344537891/",
        "https://www.facebook.com/groups/uncagedcliniciangroup/permalink/1225791681525395/",
        "https://www.facebook.com/groups/uncagedcliniciangroup/permalink/1711623849608840/",
        "https://www.facebook.com/groups/uncagedcliniciangroup/permalink/1614528389318387/",
        "https://www.facebook.com/groups/uncagedcliniciangroup/permalink/1061600087944556/",
        "https://www.facebook.com/groups/uncagedcliniciangroup/permalink/1296230347814861/",
        "https://www.facebook.com/groups/uncagedcliniciangroup/permalink/1216223822482181/",
        "https://www.facebook.com/groups/uncagedcliniciangroup/permalink/1252518188852744/",
        "https://www.facebook.com/groups/uncagedcliniciangroup/permalink/1746407819463776/",
        "https://www.facebook.com/groups/uncagedcliniciangroup/permalink/1073127310125167/",
        "https://www.facebook.com/groups/uncagedcliniciangroup/permalink/1322487758522453/",
        "https://www.facebook.com/groups/uncagedcliniciangroup/permalink/1333037697467459/",
        "https://www.facebook.com/groups/uncagedcliniciangroup/permalink/1251437732294123/",
        "https://www.facebook.com/groups/uncagedcliniciangroup/permalink/1440776423360252/",
        "https://www.facebook.com/groups/uncagedcliniciangroup/permalink/1771999283571296/",
        "https://www.facebook.com/groups/uncagedcliniciangroup/permalink/1109015399869691/",
        "https://www.facebook.com/groups/uncagedcliniciangroup/permalink/1313967306041165/",
        "https://www.facebook.com/groups/uncagedcliniciangroup/permalink/1880572939380596/",
        "https://www.facebook.com/groups/uncagedcliniciangroup/permalink/1481986712572556/",
        "https://www.facebook.com/groups/uncagedcliniciangroup/permalink/990879208349978/",
        "https://www.facebook.com/groups/uncagedcliniciangroup/permalink/1791760264928531/",
        "https://www.facebook.com/groups/uncagedcliniciangroup/permalink/1664599264311299/",
        "https://www.facebook.com/groups/uncagedcliniciangroup/permalink/1228541431250420/",
        "https://www.facebook.com/groups/uncagedcliniciangroup/permalink/1210223223082241/",
        "https://www.facebook.com/groups/uncagedcliniciangroup/permalink/1572498063521420/",
        "https://www.facebook.com/groups/uncagedcliniciangroup/permalink/1109730383131526/",
        "https://www.facebook.com/groups/uncagedcliniciangroup/permalink/1417643395673555/",
        "https://www.facebook.com/groups/uncagedcliniciangroup/permalink/1845298112908079/",
        "https://www.facebook.com/groups/uncagedcliniciangroup/permalink/1618891015548791/",
        "https://www.facebook.com/groups/uncagedcliniciangroup/permalink/1132981234139774/",
        "https://www.facebook.com/groups/uncagedcliniciangroup/permalink/1800551500716074/",
        "https://www.facebook.com/groups/uncagedcliniciangroup/permalink/1883012935803263/",
        "https://www.facebook.com/groups/uncagedcliniciangroup/permalink/1779607462810478/",
        "https://www.facebook.com/groups/uncagedcliniciangroup/permalink/1904038997033990/",
        "https://www.facebook.com/groups/uncagedcliniciangroup/permalink/999607154143850/",
        "https://www.facebook.com/groups/uncagedcliniciangroup/permalink/1617928495645043/",
        "https://www.facebook.com/groups/uncagedcliniciangroup/permalink/1904107223693834/",
        "https://www.facebook.com/groups/uncagedcliniciangroup/permalink/1013106916127207/",
        "https://www.facebook.com/groups/uncagedcliniciangroup/permalink/1445461089558452/",
        "https://www.facebook.com/groups/uncagedcliniciangroup/permalink/1320884808682748/",
        "https://www.facebook.com/groups/uncagedcliniciangroup/permalink/1772978933473331/",
        "https://www.facebook.com/groups/uncagedcliniciangroup/permalink/1495914307846463/",
        "https://www.facebook.com/groups/uncagedcliniciangroup/permalink/1167865580651339/",
        "https://www.facebook.com/groups/uncagedcliniciangroup/permalink/1799885094116048/",
        "https://www.facebook.com/groups/uncagedcliniciangroup/permalink/1119696965468201/"
      ]
    },
    "tech_stack": {
      "keywords": [
        "emr",
        "ehr",
        "software",
        "app",
        "scheduling",
        "intake",
        "payment processing",
        "stripe",
        "square",
        "venmo",
        "paypal",
        "telehealth",
        "video",
        "zoom",
        "jane app",
        "practice better",
        "hint health",
        "healthie",
        "simple practice",
        "intakeq",
        "google workspace",
        "slack",
        "notion",
        "asana",
        "trello"
      ],
      "top_thread_ids": [
        "thread_1317677879003441",
        "thread_1215364245901472",
        "thread_1662333344537891",
        "thread_1455884431849451",
        "thread_1449925009112060",
        "thread_1225791681525395",
        "thread_1711623849608840",
        "thread_1915540072550549",
        "thread_1061600087944556",
        "thread_1296230347814861",
        "thread_1073127310125167",
        "thread_1746407819463776",
        "thread_1880572939380596",
        "thread_973645306740035",
        "thread_1349290445842184",
        "thread_1213926099378620",
        "thread_1091517411619490",
        "thread_1140912403346657",
        "thread_1247326592705237",
        "thread_1398450110926217",
        "thread_1800551500716074",
        "thread_1883012935803263",
        "thread_1661533977951161",
        "thread_1649925982445294",
        "thread_1904038997033990",
        "thread_999607154143850",
        "thread_1445461089558452",
        "thread_1686890152082210",
        "thread_1495914307846463",
        "thread_1741922016579023",
        "thread_1167865580651339",
        "thread_1177252479712649",
        "thread_1772978933473331",
        "thread_1145233376247893",
        "thread_993676328070266",
        "thread_1792629978174893",
        "thread_1476809096423651",
        "thread_1457187855052442",
        "thread_1170940710343826",
        "thread_1001477930623439",
        "thread_1217868035651093",
        "thread_1120852125352685",
        "thread_1303549233749639",
        "thread_1793090358128855",
        "thread_969789780458921",
        "thread_1444376926333535",
        "thread_1304670576970838",
        "thread_1615777062526853",
        "thread_1228323094605587",
        "thread_1803220810449143"
      ],
      "top_urls": [
        "https://www.facebook.com/groups/uncagedcliniciangroup/permalink/1317677879003441/",
        "https://www.facebook.com/groups/uncagedcliniciangroup/permalink/1215364245901472/",
        "https://www.facebook.com/groups/uncagedcliniciangroup/permalink/1662333344537891/",
        "https://www.facebook.com/groups/uncagedcliniciangroup/permalink/1455884431849451/",
        "https://www.facebook.com/groups/uncagedcliniciangroup/permalink/1449925009112060/",
        "https://www.facebook.com/groups/uncagedcliniciangroup/permalink/1225791681525395/",
        "https://www.facebook.com/groups/uncagedcliniciangroup/permalink/1711623849608840/",
        "https://www.facebook.com/groups/uncagedcliniciangroup/permalink/1915540072550549/",
        "https://www.facebook.com/groups/uncagedcliniciangroup/permalink/1061600087944556/",
        "https://www.facebook.com/groups/uncagedcliniciangroup/permalink/1296230347814861/",
        "https://www.facebook.com/groups/uncagedcliniciangroup/permalink/1073127310125167/",
        "https://www.facebook.com/groups/uncagedcliniciangroup/permalink/1746407819463776/",
        "https://www.facebook.com/groups/uncagedcliniciangroup/permalink/1880572939380596/",
        "https://www.facebook.com/groups/uncagedcliniciangroup/permalink/973645306740035/",
        "https://www.facebook.com/groups/uncagedcliniciangroup/permalink/1349290445842184/",
        "https://www.facebook.com/groups/uncagedcliniciangroup/permalink/1213926099378620/",
        "https://www.facebook.com/groups/uncagedcliniciangroup/permalink/1091517411619490/",
        "https://www.facebook.com/groups/uncagedcliniciangroup/permalink/1140912403346657/",
        "https://www.facebook.com/groups/uncagedcliniciangroup/permalink/1247326592705237/",
        "https://www.facebook.com/groups/uncagedcliniciangroup/permalink/1398450110926217/",
        "https://www.facebook.com/groups/uncagedcliniciangroup/permalink/1800551500716074/",
        "https://www.facebook.com/groups/uncagedcliniciangroup/permalink/1883012935803263/",
        "https://www.facebook.com/groups/uncagedcliniciangroup/permalink/1661533977951161/",
        "https://www.facebook.com/groups/uncagedcliniciangroup/permalink/1649925982445294/",
        "https://www.facebook.com/groups/uncagedcliniciangroup/permalink/1904038997033990/",
        "https://www.facebook.com/groups/uncagedcliniciangroup/permalink/999607154143850/",
        "https://www.facebook.com/groups/uncagedcliniciangroup/permalink/1445461089558452/",
        "https://www.facebook.com/groups/uncagedcliniciangroup/permalink/1686890152082210/",
        "https://www.facebook.com/groups/uncagedcliniciangroup/permalink/1495914307846463/",
        "https://www.facebook.com/groups/uncagedcliniciangroup/permalink/1741922016579023/",
        "https://www.facebook.com/groups/uncagedcliniciangroup/permalink/1167865580651339/",
        "https://www.facebook.com/groups/uncagedcliniciangroup/permalink/1177252479712649/",
        "https://www.facebook.com/groups/uncagedcliniciangroup/permalink/1772978933473331/",
        "https://www.facebook.com/groups/uncagedcliniciangroup/permalink/1145233376247893/",
        "https://www.facebook.com/groups/uncagedcliniciangroup/permalink/993676328070266/",
        "https://www.facebook.com/groups/uncagedcliniciangroup/permalink/1792629978174893/",
        "https://www.facebook.com/groups/uncagedcliniciangroup/permalink/1476809096423651/",
        "https://www.facebook.com/groups/uncagedcliniciangroup/permalink/1457187855052442/",
        "https://www.facebook.com/groups/uncagedcliniciangroup/permalink/1170940710343826/",
        "https://www.facebook.com/groups/uncagedcliniciangroup/permalink/1001477930623439/",
        "https://www.facebook.com/groups/uncagedcliniciangroup/permalink/1217868035651093/",
        "https://www.facebook.com/groups/uncagedcliniciangroup/permalink/1120852125352685/",
        "https://www.facebook.com/groups/uncagedcliniciangroup/permalink/1303549233749639/",
        "https://www.facebook.com/groups/uncagedcliniciangroup/permalink/1793090358128855/",
        "https://www.facebook.com/groups/uncagedcliniciangroup/permalink/969789780458921/",
        "https://www.facebook.com/groups/uncagedcliniciangroup/permalink/1444376926333535/",
        "https://www.facebook.com/groups/uncagedcliniciangroup/permalink/1304670576970838/",
        "https://www.facebook.com/groups/uncagedcliniciangroup/permalink/1615777062526853/",
        "https://www.facebook.com/groups/uncagedcliniciangroup/permalink/1228323094605587/",
        "https://www.facebook.com/groups/uncagedcliniciangroup/permalink/1803220810449143/"
      ]
    },
    "ceu_courses_certs": {
      "keywords": [
        "ceu",
        "ceus",
        "continuing education",
        "course",
        "courses",
        "certification",
        "certificate",
        "certified",
        "credential",
        "ocs",
        "scs",
        "faaompt",
        "dry needling",
        "idn",
        "trigger point",
        "manual therapy",
        "manipulation",
        "thrust",
        "mckenzie",
        "mdt",
        "pelvic",
        "vestibular",
        "concussion",
        "sports",
        "orthopedic",
        "naiomt",
        "maitland",
        "mulligan",
        "iastm",
        "graston",
        "cupping"
      ],
      "top_thread_ids": [
        "thread_1127192501385314",
        "thread_1662333344537891",
        "thread_1225791681525395",
        "thread_1614528389318387",
        "thread_1433028657468362",
        "thread_1061600087944556",
        "thread_1746407819463776",
        "thread_1771999283571296",
        "thread_1880572939380596",
        "thread_1411817329589495",
        "thread_1210223223082241",
        "thread_1228541431250420",
        "thread_1417643395673555",
        "thread_1572498063521420",
        "thread_1618891015548791",
        "thread_1904038997033990",
        "thread_1740207190083839",
        "thread_1119696965468201",
        "thread_1167865580651339",
        "thread_1177252479712649",
        "thread_1799885094116048",
        "thread_1665865880851304",
        "thread_1741011546670070",
        "thread_1883955932375630",
        "thread_1453681862069708",
        "thread_970529530384946",
        "thread_1061481217956443",
        "thread_1303549233749639",
        "thread_969789780458921",
        "thread_1793090358128855",
        "thread_1445503069554254",
        "thread_1197829160988314",
        "thread_1680431342728091",
        "thread_1444376926333535",
        "thread_1257734644997765",
        "thread_1792629978174893",
        "thread_1802486223855935",
        "thread_1230889314348965",
        "thread_1695068184597740",
        "thread_1234368047334425",
        "thread_1739292726841952",
        "thread_1615777062526853",
        "thread_1642808596490366",
        "thread_1389456045158957",
        "thread_1150984962339401",
        "thread_1390057191765509",
        "thread_1676245086480050",
        "thread_1492410138196880",
        "thread_1214652319305998",
        "thread_1670673023703923"
      ],
      "top_urls": [
        "https://www.facebook.com/groups/uncagedcliniciangroup/permalink/1127192501385314/",
        "https://www.facebook.com/groups/uncagedcliniciangroup/permalink/1662333344537891/",
        "https://www.facebook.com/groups/uncagedcliniciangroup/permalink/1225791681525395/",
        "https://www.facebook.com/groups/uncagedcliniciangroup/permalink/1614528389318387/",
        "https://www.facebook.com/groups/uncagedcliniciangroup/permalink/1433028657468362/",
        "https://www.facebook.com/groups/uncagedcliniciangroup/permalink/1061600087944556/",
        "https://www.facebook.com/groups/uncagedcliniciangroup/permalink/1746407819463776/",
        "https://www.facebook.com/groups/uncagedcliniciangroup/permalink/1771999283571296/",
        "https://www.facebook.com/groups/uncagedcliniciangroup/permalink/1880572939380596/",
        "https://www.facebook.com/groups/uncagedcliniciangroup/permalink/1411817329589495/",
        "https://www.facebook.com/groups/uncagedcliniciangroup/permalink/1210223223082241/",
        "https://www.facebook.com/groups/uncagedcliniciangroup/permalink/1228541431250420/",
        "https://www.facebook.com/groups/uncagedcliniciangroup/permalink/1417643395673555/",
        "https://www.facebook.com/groups/uncagedcliniciangroup/permalink/1572498063521420/",
        "https://www.facebook.com/groups/uncagedcliniciangroup/permalink/1618891015548791/",
        "https://www.facebook.com/groups/uncagedcliniciangroup/permalink/1904038997033990/",
        "https://www.facebook.com/groups/uncagedcliniciangroup/permalink/1740207190083839/",
        "https://www.facebook.com/groups/uncagedcliniciangroup/permalink/1119696965468201/",
        "https://www.facebook.com/groups/uncagedcliniciangroup/permalink/1167865580651339/",
        "https://www.facebook.com/groups/uncagedcliniciangroup/permalink/1177252479712649/",
        "https://www.facebook.com/groups/uncagedcliniciangroup/permalink/1799885094116048/",
        "https://www.facebook.com/groups/uncagedcliniciangroup/permalink/1665865880851304/",
        "https://www.facebook.com/groups/uncagedcliniciangroup/permalink/1741011546670070/",
        "https://www.facebook.com/groups/uncagedcliniciangroup/permalink/1883955932375630/",
        "https://www.facebook.com/groups/uncagedcliniciangroup/permalink/1453681862069708/",
        "https://www.facebook.com/groups/uncagedcliniciangroup/permalink/970529530384946/",
        "https://www.facebook.com/groups/uncagedcliniciangroup/permalink/1061481217956443/",
        "https://www.facebook.com/groups/uncagedcliniciangroup/permalink/1303549233749639/",
        "https://www.facebook.com/groups/uncagedcliniciangroup/permalink/969789780458921/",
        "https://www.facebook.com/groups/uncagedcliniciangroup/permalink/1793090358128855/",
        "https://www.facebook.com/groups/uncagedcliniciangroup/permalink/1445503069554254/",
        "https://www.facebook.com/groups/uncagedcliniciangroup/permalink/1197829160988314/",
        "https://www.facebook.com/groups/uncagedcliniciangroup/permalink/1680431342728091/",
        "https://www.facebook.com/groups/uncagedcliniciangroup/permalink/1444376926333535/",
        "https://www.facebook.com/groups/uncagedcliniciangroup/permalink/1257734644997765/",
        "https://www.facebook.com/groups/uncagedcliniciangroup/permalink/1792629978174893/",
        "https://www.facebook.com/groups/uncagedcliniciangroup/permalink/1802486223855935/",
        "https://www.facebook.com/groups/uncagedcliniciangroup/permalink/1230889314348965/",
        "https://www.facebook.com/groups/uncagedcliniciangroup/permalink/1695068184597740/",
        "https://www.facebook.com/groups/uncagedcliniciangroup/permalink/1234368047334425/",
        "https://www.facebook.com/groups/uncagedcliniciangroup/permalink/1739292726841952/",
        "https://www.facebook.com/groups/uncagedcliniciangroup/permalink/1615777062526853/",
        "https://www.facebook.com/groups/uncagedcliniciangroup/permalink/1642808596490366/",
        "https://www.facebook.com/groups/uncagedcliniciangroup/permalink/1389456045158957/",
        "https://www.facebook.com/groups/uncagedcliniciangroup/permalink/1150984962339401/",
        "https://www.facebook.com/groups/uncagedcliniciangroup/permalink/1390057191765509/",
        "https://www.facebook.com/groups/uncagedcliniciangroup/permalink/1676245086480050/",
        "https://www.facebook.com/groups/uncagedcliniciangroup/permalink/1492410138196880/",
        "https://www.facebook.com/groups/uncagedcliniciangroup/permalink/1214652319305998/",
        "https://www.facebook.com/groups/uncagedcliniciangroup/permalink/1670673023703923/"
      ]
    },
    "embedded_in_gym": {
      "keywords": [
        "gym",
        "crossfit",
        "fitness",
        "trainer",
        "personal training",
        "box",
        "strength",
        "conditioning",
        "weightlifting",
        "powerlifting",
        "athletic",
        "sports performance",
        "embedded",
        "on-site",
        "onsite",
        "co-located",
        "rent space",
        "sublease",
        "gym owner"
      ],
      "top_thread_ids": [
        "thread_1905862513518305",
        "thread_1061600087944556",
        "thread_1073127310125167",
        "thread_1313967306041165",
        "thread_1417643395673555",
        "thread_1140912403346657",
        "thread_1445461089558452",
        "thread_1740207190083839",
        "thread_1617928495645043",
        "thread_1799885094116048",
        "thread_1119696965468201",
        "thread_1167865580651339",
        "thread_1222026721901891",
        "thread_1741011546670070",
        "thread_1195784311192799",
        "thread_1061481217956443",
        "thread_1120852125352685",
        "thread_1695068184597740",
        "thread_1197829160988314",
        "thread_1397112427726652",
        "thread_1418361482268413",
        "thread_1576688763102350",
        "thread_1235635113874385",
        "thread_1257734644997765",
        "thread_1421275008643727",
        "thread_1737555197015705",
        "thread_1046864926084739",
        "thread_1605136013590958",
        "thread_1588280465276513",
        "thread_1443762189728342",
        "thread_1225030881601475",
        "thread_1406847916753103",
        "thread_1115061602598404",
        "thread_1406378090133419",
        "thread_1252030648901498",
        "thread_1753038892134002",
        "thread_1243343943103502",
        "thread_1369030353868193",
        "thread_1809331586504732",
        "thread_1493735568064337",
        "thread_1327003771404185",
        "thread_1257963078308255",
        "thread_1013703582734207",
        "thread_1371315296973032",
        "thread_986100605494505",
        "thread_1492410138196880",
        "thread_1104142727023625",
        "thread_1507056220065605",
        "thread_1286992015405361",
        "thread_1501460557291838"
      ],
      "top_urls": [
        "https://www.facebook.com/groups/uncagedcliniciangroup/permalink/1905862513518305/",
        "https://www.facebook.com/groups/uncagedcliniciangroup/permalink/1061600087944556/",
        "https://www.facebook.com/groups/uncagedcliniciangroup/permalink/1073127310125167/",
        "https://www.facebook.com/groups/uncagedcliniciangroup/permalink/1313967306041165/",
        "https://www.facebook.com/groups/uncagedcliniciangroup/permalink/1417643395673555/",
        "https://www.facebook.com/groups/uncagedcliniciangroup/permalink/1140912403346657/",
        "https://www.facebook.com/groups/uncagedcliniciangroup/permalink/1445461089558452/",
        "https://www.facebook.com/groups/uncagedcliniciangroup/permalink/1740207190083839/",
        "https://www.facebook.com/groups/uncagedcliniciangroup/permalink/1617928495645043/",
        "https://www.facebook.com/groups/uncagedcliniciangroup/permalink/1799885094116048/",
        "https://www.facebook.com/groups/uncagedcliniciangroup/permalink/1119696965468201/",
        "https://www.facebook.com/groups/uncagedcliniciangroup/permalink/1167865580651339/",
        "https://www.facebook.com/groups/uncagedcliniciangroup/permalink/1222026721901891/",
        "https://www.facebook.com/groups/uncagedcliniciangroup/permalink/1741011546670070/",
        "https://www.facebook.com/groups/uncagedcliniciangroup/permalink/1195784311192799/",
        "https://www.facebook.com/groups/uncagedcliniciangroup/permalink/1061481217956443/",
        "https://www.facebook.com/groups/uncagedcliniciangroup/permalink/1120852125352685/",
        "https://www.facebook.com/groups/uncagedcliniciangroup/permalink/1695068184597740/",
        "https://www.facebook.com/groups/uncagedcliniciangroup/permalink/1197829160988314/",
        "https://www.facebook.com/groups/uncagedcliniciangroup/permalink/1397112427726652/",
        "https://www.facebook.com/groups/uncagedcliniciangroup/permalink/1418361482268413/",
        "https://www.facebook.com/groups/uncagedcliniciangroup/permalink/1576688763102350/",
        "https://www.facebook.com/groups/uncagedcliniciangroup/permalink/1235635113874385/",
        "https://www.facebook.com/groups/uncagedcliniciangroup/permalink/1257734644997765/",
        "https://www.facebook.com/groups/uncagedcliniciangroup/permalink/1421275008643727/",
        "https://www.facebook.com/groups/uncagedcliniciangroup/permalink/1737555197015705/",
        "https://www.facebook.com/groups/uncagedcliniciangroup/permalink/1046864926084739/",
        "https://www.facebook.com/groups/uncagedcliniciangroup/permalink/1605136013590958/",
        "https://www.facebook.com/groups/uncagedcliniciangroup/permalink/1588280465276513/",
        "https://www.facebook.com/groups/uncagedcliniciangroup/permalink/1443762189728342/",
        "https://www.facebook.com/groups/uncagedcliniciangroup/permalink/1225030881601475/",
        "https://www.facebook.com/groups/uncagedcliniciangroup/permalink/1406847916753103/",
        "https://www.facebook.com/groups/uncagedcliniciangroup/permalink/1115061602598404/",
        "https://www.facebook.com/groups/uncagedcliniciangroup/permalink/1406378090133419/",
        "https://www.facebook.com/groups/uncagedcliniciangroup/permalink/1252030648901498/",
        "https://www.facebook.com/groups/uncagedcliniciangroup/permalink/1753038892134002/",
        "https://www.facebook.com/groups/uncagedcliniciangroup/permalink/1243343943103502/",
        "https://www.facebook.com/groups/uncagedcliniciangroup/permalink/1369030353868193/",
        "https://www.facebook.com/groups/uncagedcliniciangroup/permalink/1809331586504732/",
        "https://www.facebook.com/groups/uncagedcliniciangroup/permalink/1493735568064337/",
        "https://www.facebook.com/groups/uncagedcliniciangroup/permalink/1327003771404185/",
        "https://www.facebook.com/groups/uncagedcliniciangroup/permalink/1257963078308255/",
        "https://www.facebook.com/groups/uncagedcliniciangroup/permalink/1013703582734207/",
        "https://www.facebook.com/groups/uncagedcliniciangroup/permalink/1371315296973032/",
        "https://www.facebook.com/groups/uncagedcliniciangroup/permalink/986100605494505/",
        "https://www.facebook.com/groups/uncagedcliniciangroup/permalink/1492410138196880/",
        "https://www.facebook.com/groups/uncagedcliniciangroup/permalink/1104142727023625/",
        "https://www.facebook.com/groups/uncagedcliniciangroup/permalink/1507056220065605/",
        "https://www.facebook.com/groups/uncagedcliniciangroup/permalink/1286992015405361/",
        "https://www.facebook.com/groups/uncagedcliniciangroup/permalink/1501460557291838/"
      ]
    },
    "scaling_hiring": {
      "keywords": [
        "hire",
        "hiring",
        "employee",
        "contractor",
        "1099",
        "w2",
        "w-2",
        "scale",
        "scaling",
        "grow",
        "growth",
        "expand",
        "expansion",
        "staff",
        "staffing",
        "team",
        "associate",
        "partner",
        "partnership",
        "multiple locations",
        "second location",
        "franchise"
      ],
      "top_thread_ids": [
        "thread_1156866198417944",
        "thread_1789895861781638",
        "thread_1662333344537891",
        "thread_1225791681525395",
        "thread_1455884431849451",
        "thread_1614528389318387",
        "thread_1711623849608840",
        "thread_1039858006785431",
        "thread_1061600087944556",
        "thread_1216223822482181",
        "thread_1746407819463776",
        "thread_1880572939380596",
        "thread_1440776423360252",
        "thread_1313967306041165",
        "thread_1481986712572556",
        "thread_1210223223082241",
        "thread_1572498063521420",
        "thread_1349290445842184",
        "thread_1661533977951161",
        "thread_1120929198678311",
        "thread_1308148856623010",
        "thread_999607154143850",
        "thread_1904038997033990",
        "thread_1013106916127207",
        "thread_1799885094116048",
        "thread_1177252479712649",
        "thread_1167865580651339",
        "thread_1741922016579023",
        "thread_1883955932375630",
        "thread_1457187855052442",
        "thread_1217868035651093",
        "thread_1303549233749639",
        "thread_1288774248560471",
        "thread_1803220810449143",
        "thread_1618239098947316",
        "thread_1001477930623439",
        "thread_1193597518078145",
        "thread_1145233376247893",
        "thread_1618964265541466",
        "thread_970529530384946",
        "thread_1792629978174893",
        "thread_1660217784749447",
        "thread_1434254594012435",
        "thread_1695068184597740",
        "thread_1456510245120203",
        "thread_996497231121509",
        "thread_1325099194927976",
        "thread_1150668295704401",
        "thread_1234368047334425",
        "thread_1369972300440665"
      ],
      "top_urls": [
        "https://www.facebook.com/groups/uncagedcliniciangroup/permalink/1156866198417944/",
        "https://www.facebook.com/groups/uncagedcliniciangroup/permalink/1789895861781638/",
        "https://www.facebook.com/groups/uncagedcliniciangroup/permalink/1662333344537891/",
        "https://www.facebook.com/groups/uncagedcliniciangroup/permalink/1225791681525395/",
        "https://www.facebook.com/groups/uncagedcliniciangroup/permalink/1455884431849451/",
        "https://www.facebook.com/groups/uncagedcliniciangroup/permalink/1614528389318387/",
        "https://www.facebook.com/groups/uncagedcliniciangroup/permalink/1711623849608840/",
        "https://www.facebook.com/groups/uncagedcliniciangroup/permalink/1039858006785431/",
        "https://www.facebook.com/groups/uncagedcliniciangroup/permalink/1061600087944556/",
        "https://www.facebook.com/groups/uncagedcliniciangroup/permalink/1216223822482181/",
        "https://www.facebook.com/groups/uncagedcliniciangroup/permalink/1746407819463776/",
        "https://www.facebook.com/groups/uncagedcliniciangroup/permalink/1880572939380596/",
        "https://www.facebook.com/groups/uncagedcliniciangroup/permalink/1440776423360252/",
        "https://www.facebook.com/groups/uncagedcliniciangroup/permalink/1313967306041165/",
        "https://www.facebook.com/groups/uncagedcliniciangroup/permalink/1481986712572556/",
        "https://www.facebook.com/groups/uncagedcliniciangroup/permalink/1210223223082241/",
        "https://www.facebook.com/groups/uncagedcliniciangroup/permalink/1572498063521420/",
        "https://www.facebook.com/groups/uncagedcliniciangroup/permalink/1349290445842184/",
        "https://www.facebook.com/groups/uncagedcliniciangroup/permalink/1661533977951161/",
        "https://www.facebook.com/groups/uncagedcliniciangroup/permalink/1120929198678311/",
        "https://www.facebook.com/groups/uncagedcliniciangroup/permalink/1308148856623010/",
        "https://www.facebook.com/groups/uncagedcliniciangroup/permalink/999607154143850/",
        "https://www.facebook.com/groups/uncagedcliniciangroup/permalink/1904038997033990/",
        "https://www.facebook.com/groups/uncagedcliniciangroup/permalink/1013106916127207/",
        "https://www.facebook.com/groups/uncagedcliniciangroup/permalink/1799885094116048/",
        "https://www.facebook.com/groups/uncagedcliniciangroup/permalink/1177252479712649/",
        "https://www.facebook.com/groups/uncagedcliniciangroup/permalink/1167865580651339/",
        "https://www.facebook.com/groups/uncagedcliniciangroup/permalink/1741922016579023/",
        "https://www.facebook.com/groups/uncagedcliniciangroup/permalink/1883955932375630/",
        "https://www.facebook.com/groups/uncagedcliniciangroup/permalink/1457187855052442/",
        "https://www.facebook.com/groups/uncagedcliniciangroup/permalink/1217868035651093/",
        "https://www.facebook.com/groups/uncagedcliniciangroup/permalink/1303549233749639/",
        "https://www.facebook.com/groups/uncagedcliniciangroup/permalink/1288774248560471/",
        "https://www.facebook.com/groups/uncagedcliniciangroup/permalink/1803220810449143/",
        "https://www.facebook.com/groups/uncagedcliniciangroup/permalink/1618239098947316/",
        "https://www.facebook.com/groups/uncagedcliniciangroup/permalink/1001477930623439/",
        "https://www.facebook.com/groups/uncagedcliniciangroup/permalink/1193597518078145/",
        "https://www.facebook.com/groups/uncagedcliniciangroup/permalink/1145233376247893/",
        "https://www.facebook.com/groups/uncagedcliniciangroup/permalink/1618964265541466/",
        "https://www.facebook.com/groups/uncagedcliniciangroup/permalink/970529530384946/",
        "https://www.facebook.com/groups/uncagedcliniciangroup/permalink/1792629978174893/",
        "https://www.facebook.com/groups/uncagedcliniciangroup/permalink/1660217784749447/",
        "https://www.facebook.com/groups/uncagedcliniciangroup/permalink/1434254594012435/",
        "https://www.facebook.com/groups/uncagedcliniciangroup/permalink/1695068184597740/",
        "https://www.facebook.com/groups/uncagedcliniciangroup/permalink/1456510245120203/",
        "https://www.facebook.com/groups/uncagedcliniciangroup/permalink/996497231121509/",
        "https://www.facebook.com/groups/uncagedcliniciangroup/permalink/1325099194927976/",
        "https://www.facebook.com/groups/uncagedcliniciangroup/permalink/1150668295704401/",
        "https://www.facebook.com/groups/uncagedcliniciangroup/permalink/1234368047334425/",
        "https://www.facebook.com/groups/uncagedcliniciangroup/permalink/1369972300440665/"
      ]
    },
    "failures_burnout": {
      "keywords": [
        "fail",
        "failed",
        "failure",
        "mistake",
        "regret",
        "lesson learned",
        "burnout",
        "burned out",
        "burnt out",
        "stress",
        "overwhelm",
        "quit",
        "quitting",
        "closing",
        "close practice",
        "give up",
        "struggle",
        "struggling",
        "hard time",
        "difficult",
        "challenge",
        "work life balance",
        "work-life"
      ],
      "top_thread_ids": [
        "thread_1215364245901472",
        "thread_1662333344537891",
        "thread_1322487758522453",
        "thread_1746407819463776",
        "thread_1880572939380596",
        "thread_1228541431250420",
        "thread_1313967306041165",
        "thread_990879208349978",
        "thread_1661533977951161",
        "thread_1132981234139774",
        "thread_1383907935713768",
        "thread_1904038997033990",
        "thread_1013106916127207",
        "thread_1617928495645043",
        "thread_1177252479712649",
        "thread_1495914307846463",
        "thread_1167865580651339",
        "thread_1181141382657092",
        "thread_1122937498477481",
        "thread_1358984174872811",
        "thread_1399373060833922",
        "thread_1195784311192799",
        "thread_1001477930623439",
        "thread_1793090358128855",
        "thread_1304670576970838",
        "thread_1444376926333535",
        "thread_1640542673383625",
        "thread_1802486223855935",
        "thread_1434254594012435",
        "thread_1234368047334425",
        "thread_1451314018973159",
        "thread_1506968273407733",
        "thread_1299081534196409",
        "thread_1016621555775743",
        "thread_1131851634252734",
        "thread_1670673023703923",
        "thread_1369972300440665",
        "thread_1615777062526853",
        "thread_1146962372741660",
        "thread_1392507054853856",
        "thread_1139800250124539",
        "thread_1320338668737362",
        "thread_1742243896546835",
        "thread_1043175783120320",
        "thread_1212248859546344",
        "thread_1705217130249512",
        "thread_1021071538664078",
        "thread_1617319249039301",
        "thread_1357648075006421",
        "thread_1902693640501859"
      ],
      "top_urls": [
        "https://www.facebook.com/groups/uncagedcliniciangroup/permalink/1215364245901472/",
        "https://www.facebook.com/groups/uncagedcliniciangroup/permalink/1662333344537891/",
        "https://www.facebook.com/groups/uncagedcliniciangroup/permalink/1322487758522453/",
        "https://www.facebook.com/groups/uncagedcliniciangroup/permalink/1746407819463776/",
        "https://www.facebook.com/groups/uncagedcliniciangroup/permalink/1880572939380596/",
        "https://www.facebook.com/groups/uncagedcliniciangroup/permalink/1228541431250420/",
        "https://www.facebook.com/groups/uncagedcliniciangroup/permalink/1313967306041165/",
        "https://www.facebook.com/groups/uncagedcliniciangroup/permalink/990879208349978/",
        "https://www.facebook.com/groups/uncagedcliniciangroup/permalink/1661533977951161/",
        "https://www.facebook.com/groups/uncagedcliniciangroup/permalink/1132981234139774/",
        "https://www.facebook.com/groups/uncagedcliniciangroup/permalink/1383907935713768/",
        "https://www.facebook.com/groups/uncagedcliniciangroup/permalink/1904038997033990/",
        "https://www.facebook.com/groups/uncagedcliniciangroup/permalink/1013106916127207/",
        "https://www.facebook.com/groups/uncagedcliniciangroup/permalink/1617928495645043/",
        "https://www.facebook.com/groups/uncagedcliniciangroup/permalink/1177252479712649/",
        "https://www.facebook.com/groups/uncagedcliniciangroup/permalink/1495914307846463/",
        "https://www.facebook.com/groups/uncagedcliniciangroup/permalink/1167865580651339/",
        "https://www.facebook.com/groups/uncagedcliniciangroup/permalink/1181141382657092/",
        "https://www.facebook.com/groups/uncagedcliniciangroup/permalink/1122937498477481/",
        "https://www.facebook.com/groups/uncagedcliniciangroup/permalink/1358984174872811/",
        "https://www.facebook.com/groups/uncagedcliniciangroup/permalink/1399373060833922/",
        "https://www.facebook.com/groups/uncagedcliniciangroup/permalink/1195784311192799/",
        "https://www.facebook.com/groups/uncagedcliniciangroup/permalink/1001477930623439/",
        "https://www.facebook.com/groups/uncagedcliniciangroup/permalink/1793090358128855/",
        "https://www.facebook.com/groups/uncagedcliniciangroup/permalink/1304670576970838/",
        "https://www.facebook.com/groups/uncagedcliniciangroup/permalink/1444376926333535/",
        "https://www.facebook.com/groups/uncagedcliniciangroup/permalink/1640542673383625/",
        "https://www.facebook.com/groups/uncagedcliniciangroup/permalink/1802486223855935/",
        "https://www.facebook.com/groups/uncagedcliniciangroup/permalink/1434254594012435/",
        "https://www.facebook.com/groups/uncagedcliniciangroup/permalink/1234368047334425/",
        "https://www.facebook.com/groups/uncagedcliniciangroup/permalink/1451314018973159/",
        "https://www.facebook.com/groups/uncagedcliniciangroup/permalink/1506968273407733/",
        "https://www.facebook.com/groups/uncagedcliniciangroup/permalink/1299081534196409/",
        "https://www.facebook.com/groups/uncagedcliniciangroup/permalink/1016621555775743/",
        "https://www.facebook.com/groups/uncagedcliniciangroup/permalink/1131851634252734/",
        "https://www.facebook.com/groups/uncagedcliniciangroup/permalink/1670673023703923/",
        "https://www.facebook.com/groups/uncagedcliniciangroup/permalink/1369972300440665/",
        "https://www.facebook.com/groups/uncagedcliniciangroup/permalink/1615777062526853/",
        "https://www.facebook.com/groups/uncagedcliniciangroup/permalink/1146962372741660/",
        "https://www.facebook.com/groups/uncagedcliniciangroup/permalink/1392507054853856/",
        "https://www.facebook.com/groups/uncagedcliniciangroup/permalink/1139800250124539/",
        "https://www.facebook.com/groups/uncagedcliniciangroup/permalink/1320338668737362/",
        "https://www.facebook.com/groups/uncagedcliniciangroup/permalink/1742243896546835/",
        "https://www.facebook.com/groups/uncagedcliniciangroup/permalink/1043175783120320/",
        "https://www.facebook.com/groups/uncagedcliniciangroup/permalink/1212248859546344/",
        "https://www.facebook.com/groups/uncagedcliniciangroup/permalink/1705217130249512/",
        "https://www.facebook.com/groups/uncagedcliniciangroup/permalink/1021071538664078/",
        "https://www.facebook.com/groups/uncagedcliniciangroup/permalink/1617319249039301/",
        "https://www.facebook.com/groups/uncagedcliniciangroup/permalink/1357648075006421/",
        "https://www.facebook.com/groups/uncagedcliniciangroup/permalink/1902693640501859/"
      ]
    }
  }
}